mode,width,height,ms_per_frame
mode_botnet,175,45,23.9
mode_dotmatrix,175,45,15.6
mode_drone,90,26,20.1
mode_drone,175,45,34.0
mode_drone,240,60,48.7
mode_goldengate,175,45,29.8
mode_hackerspace,90,26,17.2
mode_hackerspace,175,45,36.3
mode_hackerspace,240,60,63.9
mode_hologram,90,26,18.7
mode_hologram,175,45,40.0
mode_hologram,240,60,42.7
mode_logo,90,26,5.9
mode_logo,175,45,17.1
mode_logo,240,60,29.1
mode_nudle,175,45,10.6
mode_profiler,90,26,10.1
mode_profiler,175,45,22.1
mode_profiler,240,60,33.9
mode_scoutx,90,26,4.5
mode_scoutx,175,45,13.4
mode_scoutx,240,60,22.4
mode_textwall,175,45,19.6
mode_tower,90,26,14.9
mode_tower,175,45,32.9
mode_tower,240,60,50.9
mode_traffic,175,45,10.9
mode_wrench,175,45,23.0
